{"loss": [9.84424226376371, 19.962004960536955, 3.752442039191723, 4.115754400491714, 2.0002793623805046], "mean_absolute_error": [12.161132403099723, 27.966359153747558, 27.455450716018678, 26.701491790771485, 24.3396197719574], "mean_q": [-10.225673302510268, -17.244812237024306, -32.78061413002014, -32.460565614700315, -30.74489924621582], "mean_eps": [0.9997524999999996, 0.9993254500000002, 0.9988754500000003, 0.9984254499999997, 0.9979754500000003], "episode_reward": [21.197411003235693, 17.567567567567025, 15.292096219930762, 11.224489795917876, 73.77850162866554], "nb_episode_steps": [500, 500, 500, 500, 500], "nb_steps": [500, 1000, 1500, 2000, 2500], "episode": [0, 1, 2, 3, 4], "duration": [2.6698650230000567, 2.180614691000301, 2.21329381599935, 2.313802740999563, 2.2528521439999167]}