{"loss": [NaN, NaN, NaN, NaN, NaN, NaN, NaN, NaN, NaN, NaN, NaN, NaN], "mean_absolute_error": [NaN, NaN, NaN, NaN, NaN, NaN, NaN, NaN, NaN, NaN, NaN, NaN], "mean_q": [NaN, NaN, NaN, NaN, NaN, NaN, NaN, NaN, NaN, NaN, NaN, NaN], "mean_eps": [NaN, NaN, NaN, NaN, NaN, NaN, NaN, NaN, NaN, NaN, NaN, NaN], "episode_reward": [-67.20000000000086, -73.70000000000041, -69.90000000000055, -66.40000000000089, -60.30000000000095, -23.99999999999822, -80.20000000000002, -62.700000000001, -29.899999999998382, -78.0, -59.000000000000945, -52.10000000000074], "nb_episode_steps": [905, 915, 877, 875, 836, 748, 1000, 849, 741, 1000, 812, 743], "nb_steps": [905, 915, 1782, 2657, 3493, 4241, 5241, 6090, 6831, 7831, 8643, 9386], "episode": [0, 0, 1, 2, 3, 4, 5, 6, 7, 8, 9, 10], "duration": [16.511623462996795, 15.79900865998934, 14.811010101009742, 14.800623413000721, 14.638215538012446, 12.697735656998702, 16.764474181996775, 14.180299376996118, 12.383109164991765, 16.888186006995966, 13.55940709899005, 12.43625044998771]}